-- Create Events Table
CREATE TABLE IF NOT EXISTS public.events (
    id BIGINT GENERATED BY DEFAULT AS IDENTITY PRIMARY KEY,
    created_at TIMESTAMPTZ DEFAULT NOW(),
    image TEXT NOT NULL,
    date TEXT NOT NULL,
    category TEXT NOT NULL,
    title TEXT NOT NULL,
    description TEXT NOT NULL,
    full_content TEXT NOT NULL
);

-- Enable RLS (Row Level Security) on Events
ALTER TABLE public.events ENABLE ROW LEVEL SECURITY;

-- Create Policies for Events
CREATE POLICY "Allow public read access for events" 
ON public.events FOR SELECT USING (true);

CREATE POLICY "Allow admin write access for events" 
ON public.events FOR ALL USING (auth.role() = 'authenticated');

-- Create Gallery Table
CREATE TABLE IF NOT EXISTS public.gallery (
    id BIGINT GENERATED BY DEFAULT AS IDENTITY PRIMARY KEY,
    created_at TIMESTAMPTZ DEFAULT NOW(),
    title TEXT NOT NULL,
    category TEXT NOT NULL,
    image TEXT NOT NULL,
    description TEXT NOT NULL
);

-- Enable RLS on Gallery
ALTER TABLE public.gallery ENABLE ROW LEVEL SECURITY;

-- Create Policies for Gallery
CREATE POLICY "Allow public read access for gallery" 
ON public.gallery FOR SELECT USING (true);

CREATE POLICY "Allow admin write access for gallery" 
ON public.gallery FOR ALL USING (auth.role() = 'authenticated');

-- Create Clubs Table
CREATE TABLE IF NOT EXISTS public.clubs (
    id BIGINT GENERATED BY DEFAULT AS IDENTITY PRIMARY KEY,
    created_at TIMESTAMPTZ DEFAULT NOW(),
    name TEXT NOT NULL,
    icon_name TEXT NOT NULL,
    description TEXT NOT NULL,
    activities JSONB NOT NULL
);

-- Enable RLS on Clubs
ALTER TABLE public.clubs ENABLE ROW LEVEL SECURITY;

-- Create Policies for Clubs
CREATE POLICY "Allow public read access for clubs" 
ON public.clubs FOR SELECT USING (true);

CREATE POLICY "Allow admin write access for clubs" 
ON public.clubs FOR ALL USING (auth.role() = 'authenticated');

-- Create Pages Table for Custom Dynamically Added Pages
CREATE TABLE IF NOT EXISTS public.pages (
    id BIGINT GENERATED BY DEFAULT AS IDENTITY PRIMARY KEY,
    created_at TIMESTAMPTZ DEFAULT NOW(),
    title TEXT NOT NULL,
    slug TEXT UNIQUE NOT NULL,
    banner_image TEXT,
    content TEXT NOT NULL
);

-- Enable RLS on Pages
ALTER TABLE public.pages ENABLE ROW LEVEL SECURITY;

-- Create Policies for Pages
CREATE POLICY "Allow public read access for pages" 
ON public.pages FOR SELECT USING (true);

CREATE POLICY "Allow admin write access for pages" 
ON public.pages FOR ALL USING (auth.role() = 'authenticated');

-- =========================================================================
-- SEED DATA (Copy and paste this into SQL Editor to populate initial state)
-- =========================================================================

-- Seed Events
INSERT INTO public.events (image, date, category, title, description, full_content) VALUES
('/gallery-3.jpg', 'May 15, 2026', 'Academic', 'Annual Prize Giving Ceremony', 'Honoring academic giants and special achievers on our grand stage. Top scorers of Advanced Level and Ordinary Level examinations are celebrated.', 'The Annual Prize Giving Ceremony of Saraswathy Central College was held with grandeur at the College Main Hall. The event was graced by distinguished past pupils and senior educational administrative officials. A total of 150 students received medals, certificates, and trophies for outstanding achievements in academics, sports, and co-curricular programs. Special awards were presented to island-ranked students in Advanced Level Streams, signifying our commitment to premium educational standards.'),
('/sports.jpg', 'April 28, 2026', 'Sports', 'Sports Meet Celebration', 'A grand showcase of athletic talents, sportsmanship, and house teamwork at the college grounds. Visuals include drill displays and track events.', 'The Annual Inter-House Sports Meet was celebrated with high energy at the college playground. The chief guest, a prominent national athlete and alumnus, declared the meet open. Following intense competition across track and field events, Bharathi House secured the overall championship, with Ramanujan House as runners-up. The event culminated in a colorful band display and march past by the Senior Prefect Council.'),
('/cultural-event.jpg', 'March 12, 2026', 'Cultural Programs', 'Cultural Day Program', 'Students representing various clubs presented traditional dances, music recitals, and visual art pieces highlighting rich regional heritage.', 'Saraswathy Central College hosted its Cultural Day Program, bringing alive the diverse cultural heritage of Sri Lanka. The program included traditional dance forms, instrumental recitals, and Tamil and Sinhala literature recitals. Alongside the stage performances, the Student Art Society hosted an exhibition showcasing beautiful oil paintings, sketches, and handicrafts created entirely by our students, drawing appreciation from parents and well-wishers.'),
('/gallery-1.jpg', 'February 20, 2026', 'Competitions', 'Annual Science Exhibition', 'A massive science fair displaying models of robotics, renewable energy systems, chemistry setups, and eco-friendly farming designs.', 'The Annual Science & Technology Exhibition of Saraswathy Central College drew hundreds of visitors, including students from neighboring schools. Working under the guidance of our science faculty, students displayed working prototypes of solar irrigators, smart home automation sensors, and models representing biological cells. The ICT club also showcased web development frameworks and small video games created using Scratch and JavaScript.'),
('/principal.jpg', 'January 18, 2026', 'Leadership', 'Prefects’ Investiture Ceremony', 'Official badge pinning and pledge taking by the newly elected student leaders, pledging to safeguard discipline and code of conduct.', 'The Prefect Investiture Ceremony for the school year 2026 was held under the patronage of the Principal, Mr. S. Sivanesan. Eighty students from grades 11 and 13 were badged as Senior and Junior Prefects. The newly appointed Head Prefect took the oath of office, leading the board in promising to maintain school rules, coordinate student programs, and serve as role models of discipline and dedication.'),
('/school-building.jpg', 'June 05, 2026', 'Community Service', 'Environmental Awareness Program', 'Marking World Environment Day, students launched a clean campus drive and planted native trees around the municipality grounds.', 'In celebration of World Environment Day, the Environmental Club of Saraswathy Central College organized a series of community-centric activities. Students from grades 8 to 12 participated in a clean-up campaign targeting public spaces around the Badulla junction. Additionally, the college planted 50 native trees on school borders and hosted a seminar on waste management and single-use plastic reduction.');

-- Seed Gallery
INSERT INTO public.gallery (title, category, image, description) VALUES
('Majestic Main Administration Block', 'School Building', '/school-building.jpg', 'Our historic main building symbolizing over nine decades of academic excellence.'),
('Interactive Chemistry Lab Session', 'Students', '/gallery-1.jpg', 'Senior secondary students performing controlled experiments under faculty guidance.'),
('Inter-House Cricket Championship Match', 'Sports', '/sports.jpg', 'The college first XI team showing intense dedication during the finals.'),
('Traditional Ves Dance Performance', 'Cultural Programs', '/cultural-event.jpg', 'Vibrant showcase of traditional dances during the Annual Cultural Day.'),
('Annual Prize Giving Ceremony', 'Events', '/gallery-3.jpg', 'Honoring academic giants and special achievers on our grand stage.'),
('Students Programming in the ICT Hub', 'Clubs', '/gallery-2.jpg', 'ICT Club members collaborating on soft-skills coding assignments.'),
('National Olympiad Team Finalists', 'Achievements', '/students.jpg', 'Celebrating the intellectual breakthroughs of our junior scientists.'),
('Principal & Staff Assembly Meet', 'Events', '/principal.jpg', 'A meeting of minds driving strategic leadership for the college.');

-- Seed Clubs
INSERT INTO public.clubs (name, icon_name, description, activities) VALUES
('Prefect Board', 'ShieldCheck', 'The senior student leadership body responsible for maintaining campus discipline, representing the college at official events, coordinating student assemblies, and mentoring junior classes.', '["Daily general assembly coordination", "Conducting disciplinary rounds", "Guiding junior students and guiding sports meet structures"]'::jsonb),
('Student Parliament', 'Landmark', 'Mimicking national governance structures to teach administrative logic, policy debates, and democratic representation. Students raise suggestions and debate campus development matters.', '["Term-based parliamentary sessions", "Debating student requests", "Drafting proposals for principal review"]'::jsonb),
('Tamil Literary Association', 'PenTool', 'Safeguarding and celebrating the rich Tamil language, classical literature, poetry composition, and creative speech. Nurtures next-generation writers and orators.', '["Annual Tamil Literary Festival coordination", "Poetry and debate tournaments", "Publishing the annual student journal ''Saraswathy''"]'::jsonb),
('English Literary Association', 'Languages', 'Improving conversational eloquence, poetry writing, creative prose, and staging drama. Prepares students for national English Day competitions.', '["Spelling bees and impromptu speech panels", "School play productions", "Writing workshops and reading clubs"]'::jsonb),
('Sinhala Literary Association', 'BookOpen', 'Fostering bilingualism and celebrating Sinhala classical literature, traditional songs, and cultural history to build strong national unity.', '["Bilingual speech contests", "Literary critiques and reading groups", "Inter-school cultural exchanges"]'::jsonb),
('Science Society', 'Atom', 'Incubating scientific curiosity, physics models, biology research, and logical thinking. Organizes competitive science exhibitions.', '["Fireside science fair models design", "Olympiad training and group revision panels", "Field trips to astronomical observatories"]'::jsonb),
('Commerce Society', 'TrendingUp', 'Fostering entrepreneurial skills, basic accounting practices, and commercial market trends. Organizes career-path lectures and model trade fairs.', '["Annual Commerce Day and trade models expo", "Seminars on inflation and business metrics", "Filing mock account statements"]'::jsonb),
('ICT Club', 'Laptop', 'Fostering computational skills, software coding (HTML/JS/Python), graphic design, and basic robotics. Manages technical setups for events.', '["Weekly programming bootcamps", "School web portal maintenance support", "Scratch algorithmic competitions"]'::jsonb),
('Environmental Club', 'Leaf', 'Nurturing biodiversity awareness, eco-friendly farming practices, recycling systems, and local reforestation campaigns.', '["World Environment Day sapling planting", "Setting up school herbal gardens", "Waste collection and segregation systems"]'::jsonb),
('Media Unit', 'Tv', 'The official broadcasting body of the college. Responsible for managing sound systems, photography coverage, and campus newsletters.', '["Announcements and morning sound setup", "Filming and photography of events", "Managing the college bulletin boards"]'::jsonb),
('Scouts Group', 'Compass', 'Building physical fitness, outdoor survival skills, first-aid knowledge, and character integrity based on scouting guidelines.', '["Weekend camping and trekking drills", "Pioneering structures construction", "Assisting crowd control in local festivals"]'::jsonb),
('St. John Ambulance', 'PlusSquare', 'The premier first-aid student division, training members in cardiopulmonary resuscitation (CPR), wound treatment, and emergency evacuation.', '["Emergency first-aid training cycles", "Setting up medical aid tents at sports meets", "Health awareness lectures for juniors"]'::jsonb),
('Sports Clubs Association', 'Trophy', 'The collective association of cricket, football, chess, and athletic clubs. Organizes training camps and matches against rival schools.', '["Inter-house championship fixtures", "Physical fitness endurance routines", "Hosting guest coaches and alumni matches"]'::jsonb);

-- Seed an Initial Demo Custom Page
INSERT INTO public.pages (title, slug, banner_image, content) VALUES
('Alumni Association', 'alumni-association', '/school-building.jpg', '<h2>Welcome to the Saraswathy College Alumni Network</h2><p>Our alumni network connects past pupils from all around the world. We collaborate on development projects for the college, offer mentorship programs for senior secondary students, and host annual gather-ups to recall memories and build new connections.</p><h3>Key Initiatives</h3><ul><li>Alumni Scholarship Fund for higher education</li><li>Modernizing the physics and chemistry laboratories</li><li>Sponsoring school sports tournaments and equipment</li></ul><p>If you are a past pupil, register today to stay connected with your alma mater!</p>');

-- Create Principals Table
CREATE TABLE IF NOT EXISTS public.principals (
    id BIGINT GENERATED BY DEFAULT AS IDENTITY PRIMARY KEY,
    created_at TIMESTAMPTZ DEFAULT NOW(),
    name TEXT NOT NULL,
    period TEXT NOT NULL,
    image TEXT NOT NULL,
    description TEXT NOT NULL
);

ALTER TABLE public.principals ENABLE ROW LEVEL SECURITY;

CREATE POLICY "Allow public read access for principals" 
ON public.principals FOR SELECT USING (true);

CREATE POLICY "Allow admin write access for principals" 
ON public.principals FOR ALL USING (auth.role() = 'authenticated');

-- Create Academics Table
CREATE TABLE IF NOT EXISTS public.academics (
    id BIGINT GENERATED BY DEFAULT AS IDENTITY PRIMARY KEY,
    created_at TIMESTAMPTZ DEFAULT NOW(),
    title TEXT NOT NULL,
    category TEXT NOT NULL,
    description TEXT NOT NULL,
    subjects TEXT NOT NULL,
    image TEXT NOT NULL
);

ALTER TABLE public.academics ENABLE ROW LEVEL SECURITY;

CREATE POLICY "Allow public read access for academics" 
ON public.academics FOR SELECT USING (true);

CREATE POLICY "Allow admin write access for academics" 
ON public.academics FOR ALL USING (auth.role() = 'authenticated');

-- Create Achievements Table
CREATE TABLE IF NOT EXISTS public.achievements (
    id BIGINT GENERATED BY DEFAULT AS IDENTITY PRIMARY KEY,
    created_at TIMESTAMPTZ DEFAULT NOW(),
    title TEXT NOT NULL,
    level TEXT NOT NULL,
    category TEXT NOT NULL,
    description TEXT NOT NULL,
    image TEXT NOT NULL,
    year TEXT NOT NULL
);

ALTER TABLE public.achievements ENABLE ROW LEVEL SECURITY;

CREATE POLICY "Allow public read access for achievements" 
ON public.achievements FOR SELECT USING (true);

CREATE POLICY "Allow admin write access for achievements" 
ON public.achievements FOR ALL USING (auth.role() = 'authenticated');

-- Seed Principals
INSERT INTO public.principals (name, period, image, description) VALUES
('Mr. K. Somasundaram', '1935 - 1948', '/principal.jpg', 'Founding Principal of Saraswathy Central College who laid the pillars of academic integrity and discipline.'),
('Mr. T. Vyramuttu', '1948 - 1965', '/principal.jpg', 'Championed the free education scheme and built the main administrative block and library facility.'),
('Mr. V. Tharmalingam', '1965 - 1982', '/principal.jpg', 'Fostered athletic programs and established the annual Inter-House Sports Meet structure.');

-- Seed Academics
INSERT INTO public.academics (title, category, description, subjects, image) VALUES
('Primary Education (Grades 1 - 5)', 'Primary', 'Developing foundational literacy, numeracy, social skills, and creative intelligence. We focus on active cognitive stimulation and early child values.', 'Mother Tongue (Tamil), Mathematics, English Language, Environmental Studies, Religious Studies, Arts & Crafts', '/gallery-1.jpg'),
('Junior Secondary Education (Grades 6 - 9)', 'Junior Secondary', 'Constructing advanced conceptual reasoning, critical logic, scientific inquiry, and core linguistic competencies.', 'Science & Technology, Mathematics, English, Tamil Literature, History, Geography, Health & Physical Ed, ICT Basics', '/gallery-2.jpg'),
('Senior Secondary Education - G.C.E. O/L (Grades 10 - 11)', 'Ordinary Level', 'Rigorous academic grooming aimed at preparing students for the National G.C.E. Ordinary Level exams. Focuses on broad stream competence.', 'Science, Mathematics, Tamil/Sinhala, English, History, Religion, Category I (e.g., Music/Art), Category II (Commerce), Category III (ICT)', '/students.jpg'),
('Biological & Physical Sciences', 'Advanced Level', 'Prepares students for medicine, bio-system engineering, veterinary science, physical research, and civil engineering paths.', 'Physics, Chemistry, Combined Mathematics, Biology, Agricultural Science', '/gallery-1.jpg'),
('Commerce Stream', 'Advanced Level', 'Builds foundations in corporate administration, finance audit, economics research, and global commerce management.', 'Accounting, Business Studies, Economics, Business Statistics', '/school-building.jpg'),
('Arts & Humanities Stream', 'Advanced Level', 'Nurtures analytical skills in linguistic literature, historical studies, law, governance, and creative expression.', 'Tamil/English Literature, Political Science, Geography, History, Logic, Fine Arts', '/cultural-event.jpg'),
('Technology Stream', 'Advanced Level', 'A modern stream specializing in technical, field-focused engineering processes and software solutions.', 'Engineering Technology, Biosystems Technology, Science for Technology, Information & Communication Technology', '/gallery-2.jpg');

-- Seed Achievements
INSERT INTO public.achievements (title, level, category, description, image, year) VALUES
('National School Athletic Championship Gold Medal', 'National', 'Sports', 'Gold medal in 400m and high jump events won at the national athletic arena.', '/sports.jpg', '2025'),
('Northern Province Under-19 Cricket Champions', 'Province', 'Sports', 'Our Under-19 cricket team won the championship trophy of the Northern Province schools league.', '/sports.jpg', '2025'),
('Zonal School Science Exhibition Winner', 'Zonal', 'Academic', 'First prize for the robotic solar irrigation prototype model designed by the science society.', '/gallery-1.jpg', '2026'),
('National Chemistry Olympiad Finalist', 'National', 'Academic', 'Honorable mention and finalist award at the National Chemistry Olympiad finals held in Colombo.', '/students.jpg', '2025'),
('Provincial Tamil Literary Oratorical Award', 'Province', 'Cultural', 'First place in the senior Tamil oratorical category during the Provincial Tamil Literary Festival.', '/cultural-event.jpg', '2025'),
('Zonal School Badminton Singles Silver', 'Zonal', 'Sports', 'Silver medal in junior singles category at the zonal schools tournament.', '/sports.jpg', '2026');

